time,股,债,债指,美林周期,货币信用周期,财政货币周期,信贷库存周期,产能库存周期,美林股票,美林债券,货币信用股票,货币信用债券,财政货币股票,财政货币债券,信贷库存股票,信贷库存债券,产能库存股票,产能库存债券,综合股票,综合债券,打分股债,实际股债1,实际股债2,打分股债滚动,实际股债滚动1,AI打分3,AI打分4,year,month
2025-12-31,3.296356804230476,2.7412391304348,,滞涨,紧货币紧信用,双紧,主动去库存,"产能周期下行,被动去库存",-0.18181818181818182,-0.36363636363636365,0.36363636363636365,-0.09090909090909091,0.25,0.041666666666666664,0.05555555555555555,0.2222222222222222,0.5,0.5,0.9873737373737373,0.3093434343434343,0.678030303030303,6.037595934665276,,-0.10017547446930675,6.486048627191802,0.06220513295631939,,2025,12
2025-11-30,-2.22091923825764,-1.5817222222222,,衰退,宽货币紧信用,双紧,被动补库存,"产能周期下行,主动补库存",0.08333333333333333,0.25,0.2,0.6,0.2916666666666667,-0.041666666666666664,-0.03333333333333333,0.3,0.14285714285714285,-0.047619047619047616,0.6845238095238095,1.0607142857142857,-0.3761904761904762,-3.8026414604798404,,-0.3031261771482703,5.740969044201376,-0.4908725185588321,,2025,11
2025-10-31,-0.036361990275727,-2.6186473429952,,过热,紧货币紧信用,双紧,被动补库存,"产能周期下行,主动补库存",0.3333333333333333,0.2,0.3333333333333333,-0.1111111111111111,0.2608695652173913,0.0,-0.03333333333333333,0.3,0.1,0.0,0.9942028985507245,0.3888888888888889,0.6053140096618357,-2.655009333270927,,-0.28045966237649234,7.013593997725465,-0.28367953610269175,,2025,10
2025-09-30,2.804538373682232,10.8727743271222,,过热,紧货币紧信用,双紧,主动去库存,"产能周期下行,主动补库存",0.3333333333333333,0.2,0.3333333333333333,-0.1111111111111111,0.2608695652173913,0.0,0.0,0.15789473684210525,0.05263157894736842,0.05263157894736842,0.9801678108314262,0.2994152046783626,0.6807526061530637,13.677312700804432,,-0.4144418028946741,4.489660737957167,-0.9691555033456783,,2025,9
2025-08-31,10.93269692323408,7.3237474120082,,衰退,宽货币紧信用,双紧,主动去库存,"产能周期下行,主动补库存",0.08333333333333333,0.25,0.15789473684210525,0.6842105263157895,0.2608695652173913,0.0,0.05,0.1,0.0,0.1111111111111111,0.55209763539283,1.1453216374269006,-0.5932240020340707,18.25644433524228,,-0.4172778599641407,4.517646924907271,-0.9331263483325415,,2025,8
2025-07-31,4.745741760102595,2.656847826087,,复苏,宽货币宽信用,双紧,被动补库存,"产能周期下行,主动补库存",-0.09090909090909091,0.45454545454545453,-0.4666666666666667,0.4,0.2608695652173913,-0.08695652173913043,-0.06896551724137931,0.3448275862068966,-0.058823529411764705,0.058823529411764705,-0.4244952390115103,1.1712400484249854,-1.5957352874364958,7.402589586189595,,-0.2948622194134887,2.8260006619607823,-0.48888150010085135,,2025,7
2025-06-30,4.741197384091122,-3.1740789473684,,衰退,宽货币宽信用,双紧,被动去库存,"产能周期下行,主动补库存",0.0,0.0,-0.5333333333333333,0.3333333333333333,0.21739130434782608,-0.13043478260869565,0.16666666666666666,0.0,-0.125,0.0625,-0.27427536231884064,0.2653985507246377,-0.5396739130434783,1.5671184367227222,,-0.1842787435464781,-1.4990225784925972,-0.7074791733607523,,2025,6
2025-05-31,2.385165676932685,1.447942583732,,衰退,宽货币宽信用,双紧,主动去库存,"产能周期下行,主动补库存",0.0,0.0,-0.4,0.3333333333333333,0.2727272727272727,-0.18181818181818182,0.10526315789473684,0.0,-0.06666666666666667,0.0,-0.08867623604465714,0.1515151515151515,-0.24019138755980862,3.833108260664685,,-0.245304342343816,-6.897334350736949,-0.7633549989240779,,2025,5
2025-04-30,-3.150340493612314,-14.6482683982684,,滞涨,宽货币宽信用,双紧,主动去库存,"产能周期下行,主动补库存",-0.1111111111111111,-0.4444444444444444,-0.4375,0.375,0.22727272727272727,-0.09090909090909091,0.10526315789473684,0.0,-0.07142857142857142,0.07142857142857142,-0.28750379737221843,-0.0889249639249639,-0.19857883344725452,-17.798608891880715,,-0.13817842732316418,-8.281659937144118,-0.6788385796708165,,2025,4
2025-03-31,-0.402464413083938,14.247694235589,,滞涨,紧货币宽信用,双紧,主动补库存,"产能周期下行,主动补库存",-0.1,-0.3,0.13333333333333333,-0.4,0.19047619047619047,-0.047619047619047616,0.16666666666666666,0.16666666666666666,-0.15384615384615385,0.15384615384615385,0.23663003663003657,-0.42710622710622714,0.6637362637362637,13.845229822505061,,-0.4694694194694194,-4.226881742062784,-0.5287025497478277,,2025,3
2025-02-28,4.740777283879142,3.3657894736842,,过热,紧货币宽信用,双紧,被动补库存,"产能周期下行,主动补库存",0.26666666666666666,0.3333333333333333,0.13333333333333333,-0.4,0.23809523809523808,-0.047619047619047616,-0.07407407407407407,0.37037037037037035,-0.08333333333333333,0.08333333333333333,0.48068783068783066,0.33941798941798934,0.14126984126984132,8.106566757563343,,-1.0394161394161394,-3.9967064101645344,-0.6743635528044276,,2025,2
2025-01-31,-2.318698181889579,-16.2288516746411,,衰退,宽货币宽信用,双紧,被动补库存,"产能周期下行,主动补库存",0.07692307692307693,0.07692307692307693,-0.3333333333333333,0.3333333333333333,0.23809523809523808,-0.047619047619047616,-0.038461538461538464,0.34615384615384615,-0.08333333333333333,0.08333333333333333,-0.1401098901098901,0.7921245421245421,-0.9322344322344323,-18.54754985653068,,-1.6596083634985235,-7.087138780592766,-0.5486513260722581,,2025,1
2024-12-31,-1.959072543063686,-28.8636796536797,,复苏,宽货币宽信用,双宽,被动补库存,"产能周期下行,被动去库存",0.0,0.45454545454545453,-0.3333333333333333,0.3333333333333333,-0.05,0.35,-0.038461538461538464,0.34615384615384615,1.0,0.0,0.5782051282051283,1.484032634032634,-0.9058275058275057,-30.822752196743387,,-1.787064240954401,-4.24161804512512,-0.3429126782793592,,2024,12
2024-11-30,1.343044466532469,-5.8158897243108,,过热,紧货币紧信用,双紧,主动去库存,"产能周期下行,被动去库存",0.15384615384615385,0.38461538461538464,0.2222222222222222,-0.1111111111111111,0.2,-0.1,0.05,0.05,1.0,1.0,1.626068376068376,1.2235042735042736,0.40256410256410247,-4.4728452577783315,,-1.7727019950132077,-0.7533161998381314,-0.15473364928983513,,2024,11
2024-10-31,2.278456268582191,4.2516040100251,,过热,紧货币紧信用,双宽,主动去库存,"产能周期下行,被动去库存",0.15384615384615385,0.38461538461538464,0.1111111111111111,-0.3333333333333333,-0.1,0.3,0.05,0.05,-1.0,1.0,-0.785042735042735,1.4012820512820512,-2.186324786324786,6.530060278607291,,-2.0945868353191006,0.14161395813899938,-0.42901481951915715,-0.429014819519157,2024,10
2024-09-30,22.21013462774736,-6.9838528138528,,复苏,紧货币紧信用,双宽,被动补库存,"产能周期下行,被动去库存",0.0,0.36363636363636365,0.1,-0.2,-0.07692307692307693,0.28205128205128205,-0.041666666666666664,0.2916666666666667,-1.0,1.0,-1.0185897435897435,1.7373543123543125,-2.755944055944056,15.226281813894563,,-2.0278737811447463,-1.198639143067983,-0.41790111603567454,-0.417901116035674,2024,9
2024-08-31,-3.96903141757524,-6.4669960474308,,复苏,宽货币紧信用,双宽,被动补库存,"产能周期上行,被动去库存",0.0,0.36363636363636365,0.2,0.7,-0.07894736842105263,0.2894736842105263,-0.043478260869565216,0.30434782608695654,-1.0,1.0,-0.9224256292906179,2.657457873933846,-3.579883503224464,-10.43602746500604,,-1.6886002864524536,-5.167447669278492,-0.8380708954322512,-0.838070895432252,2024,8
2024-07-31,0.271066547121885,-1.7454919908467,,过热,宽货币宽信用,双宽,被动补库存,"产能周期上行,被动去库存",0.2727272727272727,0.36363636363636365,-0.26666666666666666,0.4,-0.05128205128205128,0.3076923076923077,0.0,0.2727272727272727,-0.23076923076923078,0.07692307692307693,-0.275990675990676,1.420979020979021,-1.696969696969697,-1.474425443724815,,-1.23671173177668,-3.452194835772533,-1.2252778622325449,-1.22527786223254,2024,7
2024-06-30,-5.127377215246954,-4.7655639097745,,过热,宽货币紧信用,双紧,被动补库存,"产能周期上行,被动去库存",0.2727272727272727,0.36363636363636365,0.2631578947368421,0.6842105263157895,0.23809523809523808,-0.047619047619047616,0.047619047619047616,0.3333333333333333,-0.23076923076923078,0.07692307692307693,0.5908302224091697,1.4104842525895156,-0.8196540301803459,-9.892941125021455,,-1.074590519655468,-7.16396527283749,-1.1612880617852606,-1.16128806178526,2024,6
2024-05-31,-1.205861712512947,2.1025974025974,,滞涨,宽货币宽信用,双宽,被动补库存,"产能周期下行,主动去库存",-0.1,-0.3,-0.21428571428571427,0.5,-0.07894736842105263,0.34210526315789475,-0.047619047619047616,0.23809523809523808,-0.23076923076923078,0.07692307692307693,-0.6716213610950453,0.8571235781762097,-1.528744939271255,0.8967356900844532,,-0.8812354828793785,-6.706409842140765,-1.0148199351702205,-1.01481993517022,2024,5
2024-04-30,1.020186693010396,-2.531645021645,,复苏,宽货币紧信用,双宽,被动补库存,"产能周期下行,主动去库存",0.0,0.36363636363636365,0.17647058823529413,0.6470588235294118,-0.07894736842105263,0.34210526315789475,-0.1,0.2,-0.23076923076923078,0.0,-0.23324601095498929,1.55280045032367,-1.7860464612786593,-1.5114583286346042,,-0.7092729424957853,-7.234317171379959,-1.0711996693723835,-1.07119966937238,2024,4
2024-03-31,1.351129069329906,-9.9376984126984,,衰退,宽货币紧信用,双紧,被动补库存,"产能周期下行,主动去库存",-0.125,0.0625,0.17647058823529413,0.5882352941176471,0.21739130434782608,-0.13043478260869565,-0.047619047619047616,0.19047619047619047,-0.23076923076923078,0.0,-0.009526385805158188,0.7107767019851419,-0.7203030877903001,-8.586569343368494,,-0.3750517457358889,-6.522501146988383,-0.7412649744857699,-0.74126497448577,2024,3
2024-02-29,9.667964283504414,-9.8124747474747,,复苏,宽货币紧信用,双宽,主动去库存,"产能周期上行,主动去库存",0.0,0.3,0.17647058823529413,0.5882352941176471,-0.05405405405405406,0.32432432432432434,0.045454545454545456,0.13636363636363635,0.375,0.0625,0.5428710796357855,1.4114232548056078,-0.8685521751698223,-0.14451046397028655,,-0.057553841892077164,-4.493751612683275,-0.5525159908632692,-0.552515990863269,2024,2
2024-01-31,-12.59459352065995,-11.1504545454546,,复苏,宽货币宽信用,双宽,主动去库存,"产能周期上行,主动去库存",0.0,0.3,0.0,0.4666666666666667,-0.027777777777777776,0.3055555555555556,0.045454545454545456,0.13636363636363635,0.4666666666666667,0.0,0.48434343434343435,1.2085858585858587,-0.7242424242424244,-23.74504806611455,,-0.18235630382689205,-6.0414649042447195,-0.21369433663579462,-0.213694336635793,2024,1
2023-12-31,-2.05351763175021,-5.0940909090909,,复苏,紧货币宽信用,双宽,被动补库存,"产能周期上行,主动去库存",0.05,0.3,0.06666666666666667,-0.4666666666666667,-0.02857142857142857,0.2857142857142857,0.09523809523809523,0.19047619047619047,0.4666666666666667,0.0,0.65,0.3095238095238095,0.34047619047619054,-7.1476085408411105,,-0.435144245159725,-2.161752401644444,-0.20076352722778548,-0.200763527227785,2023,12
2023-11-30,0.350487886898092,-2.6211961722488,,复苏,紧货币宽信用,双宽,被动补库存,"产能周期下行,主动去库存",0.0,0.3333333333333333,0.14285714285714285,-0.42857142857142855,-0.02857142857142857,0.34285714285714286,0.045454545454545456,0.22727272727272727,-0.18181818181818182,0.0,-0.022077922077922085,0.4748917748917749,-0.496969696969697,-2.270708285350708,,-0.8081957464620005,-1.54783930394435,-0.2680425946539259,-0.268042594653925,2023,11
2023-10-31,-2.16216744544305,4.9216052631579,,滞涨,紧货币宽信用,双宽,主动补库存,"产能周期下行,主动去库存",0.1,-0.2,0.23076923076923078,-0.38461538461538464,-0.02857142857142857,0.34285714285714286,0.2857142857142857,0.42857142857142855,-0.18181818181818182,0.0,0.4060939060939061,0.18681318681318676,0.21928071928071935,2.75943781771485,,-0.8906724745269637,-3.575511612982932,-0.17605966398871845,-0.176059663988718,2023,10
2023-09-30,-1.090224311450847,4.676152173913,,衰退,紧货币宽信用,双紧,主动去库存,"产能周期下行,被动补库存",0.058823529411764705,0.0,0.23076923076923078,-0.38461538461538464,0.28,-0.04,0.09523809523809523,0.19047619047619047,0.0,-0.2857142857142857,0.6648308554190908,-0.5198534798534798,1.1846843352725707,3.5859278624621527,,-1.1763775102319995,-4.959352316053988,-0.6215766026394646,-0.621576602639465,2023,9
2023-08-31,-5.613709467997354,-3.8170807453416,,衰退,宽货币宽信用,双宽,被动补库存,"产能周期上行,被动补库存",0.058823529411764705,0.0,0.0,0.3333333333333333,-0.05714285714285714,0.2857142857142857,0.09523809523809523,0.09523809523809523,0.0,1.0,0.09691876750700279,1.7142857142857144,-1.6173669467787115,-9.430790213338954,,-1.4733813887064662,-6.256858606686209,-0.9462943197664219,-0.946294319766423,2023,8
2023-07-31,2.472274568534705,-2.9390476190476,,复苏,宽货币紧信用,双宽,被动补库存,"产能周期上行,被动补库存",-0.10526315789473684,0.2631578947368421,0.11764705882352941,0.47058823529411764,-0.08823529411764706,0.2647058823529412,0.09523809523809523,0.09523809523809523,-0.16666666666666666,1.0,-0.14727996461742593,2.0936901076219963,-2.2409700722394224,-0.46677305051289464,,-1.0510173148718038,-4.3636420441344805,-1.2908460887228628,-1.29084608872286,2023,7
2023-06-30,1.578727188216554,-5.0428571428571,,复苏,宽货币紧信用,双宽,主动去库存,"产能周期上行,被动补库存",-0.10526315789473684,0.2631578947368421,0.17647058823529413,0.4117647058823529,-0.058823529411764705,0.23529411764705882,0.10526315789473684,0.10526315789473684,0.0,1.0,0.11764705882352942,2.015479876160991,-1.8978328173374615,-3.464129954640546,,-0.7556884177627211,-2.783118055783939,-1.2727556698661975,-1.27275566986619,2023,6
2023-05-31,-3.3120754729155,-11.1246666666667,,衰退,宽货币紧信用,双宽,主动去库存,"产能周期上行,被动补库存",0.11764705882352941,-0.058823529411764705,0.17647058823529413,0.4117647058823529,-0.058823529411764705,0.23529411764705882,0.16666666666666666,0.05555555555555555,0.25,1.0,0.6519607843137255,1.6437908496732025,-0.991830065359477,-14.4367421395822,,-0.6370953665071312,-1.0324271037620878,-1.1246078947774725,-1.12460789477747,2023,5
2023-04-30,-1.44464987897239,-4.0989565217391,,复苏,宽货币宽信用,双宽,主动去库存,"产能周期上行,被动补库存",-0.1111111111111111,0.2222222222222222,0.0,0.3333333333333333,-0.06060606060606061,0.21212121212121213,0.16666666666666666,0.05555555555555555,0.3333333333333333,1.0,0.3282828282828283,1.8232323232323233,-1.494949494949495,-5.54360640071149,,-0.6877594355535533,3.70414616090666,-0.7279394344754229,-0.727939434475422,2023,4
2023-03-31,-0.826066403070271,-3.3730434782609,,复苏,紧货币宽信用,双宽,被动去库存,"产能周期上行,被动补库存",-0.1111111111111111,0.2222222222222222,0.16666666666666666,-0.4166666666666667,-0.08823529411764706,0.23529411764705882,0.0,-0.14285714285714285,0.3333333333333333,1.0,0.3006535947712418,0.8979925303454714,-0.5973389355742296,-4.199109881331171,,-0.6072519800460977,5.009839278417221,0.036062630906596414,0.0360626309065972,2023,3
2023-02-28,-0.023713060250784,1.9522222222222,,衰退,紧货币宽信用,双紧,被动去库存,"产能周期下行,被动补库存",0.0,0.058823529411764705,0.16666666666666666,-0.4166666666666667,0.23076923076923078,0.038461538461538464,-0.16666666666666666,-0.16666666666666666,-0.2,-0.4,0.0307692307692308,-0.8860482654600301,0.9168174962292609,1.928509161971416,,-0.5521399352281705,4.422081847889867,-0.32914674537763516,-0.329146745377634,2023,2
2023-01-31,7.382071362682162,1.6342995169082,,衰退,紧货币紧信用,双宽,被动去库存,"产能周期下行,被动补库存",0.0,0.058823529411764705,-0.14285714285714285,0.21428571428571427,-0.06060606060606061,0.24242424242424243,-0.16666666666666666,-0.16666666666666666,0.0,-0.25,-0.3701298701298701,0.09886681945505471,-0.4689966895849248,9.016370879590362,,-0.651239147562677,1.418842676756756,-0.563797310897812,-0.563797310897811,2023,1
2022-12-31,-2.115280685197241,9.1552964426878,,复苏,紧货币紧信用,双宽,主动去库存,"产能周期下行,被动补库存",-0.058823529411764705,0.29411764705882354,-0.2857142857142857,0.21428571428571427,,,0.1875,0.1875,-0.3333333333333333,0.0,-0.49037114845938373,0.6959033613445378,-1.1862745098039216,7.040015757490558,,-0.5616858690707797,-0.2568907653076435,-0.8585836651944462,-0.858583665194446,2022,12
2022-11-30,7.858404519137385,6.1242929292929,,复苏,紧货币紧信用,双紧,主动去库存,"产能周期下行,被动补库存",0.0,0.375,-0.23076923076923078,0.3076923076923077,,,0.23529411764705882,0.11764705882352941,0.0,0.5,0.004524886877828038,1.3003393665158371,-1.295814479638009,13.982697448430285,,-0.34819200998868527,0.15060607213011204,-1.299913062546077,-1.29991306254607,2022,11
2022-10-31,-2.545241346441822,4.8357936507937,,复苏,紧货币紧信用,双宽,被动补库存,"产能周期下行,被动补库存",0.06666666666666667,0.4,-0.14285714285714285,0.2857142857142857,,,0.041666666666666664,0.2916666666666667,1.0,1.0,0.9654761904761905,1.9773809523809525,-1.0119047619047619,2.2905523043518774,,-0.18182610465219162,-1.4148032011093719,-2.2404167024332033,-2.2404167024332,2022,10
2022-09-30,-7.568967093894791,-0.1566873706005,,复苏,宽货币宽信用,双紧,被动去库存,"产能周期下行,被动补库存",0.06666666666666667,0.4,0.13333333333333333,0.26666666666666666,,,0.0,-0.2,1.0,1.0,1.2,1.4666666666666668,-0.26666666666666683,-7.725654464495292,,-0.08057196663334772,-3.528145951293716,-2.362867045706478,-2.36286704570648,2022,9
2022-08-31,-2.864756092570556,-13.2261697722567,,过热,宽货币紧信用,双宽,主动去库存,"产能周期下行,主动补库存",0.3333333333333333,0.26666666666666666,0.35294117647058826,0.35294117647058826,,,0.3888888888888889,0.0,0.0,0.13333333333333333,1.0751633986928104,0.7529411764705882,0.3222222222222222,-16.090925864827256,,-0.15236683842821952,-3.0122422050264426,-1.3698729028985681,-1.36987290289857,2022,8
2022-07-31,-2.668982153748434,1.6309523809524,,滞涨,宽货币紧信用,双宽,被动补库存,"产能周期下行,主动补库存",0.25,-0.25,0.35294117647058826,0.35294117647058826,,,0.08695652173913043,0.30434782608695654,-0.07142857142857142,0.14285714285714285,0.6184691267811473,0.5501461454146876,0.06832298136645965,-1.0380297727960341,,-0.21622139274330013,0.5422781727607177,-1.3830775541277962,-1.38307755412779,2022,7
2022-06-30,9.67999678211709,-0.195,,滞涨,宽货币宽信用,双紧,被动去库存,"产能周期下行,主动补库存",0.08333333333333333,-0.3333333333333333,0.07142857142857142,0.2857142857142857,,,0.0,-0.2,-0.15384615384615385,0.15384615384615385,0.0009157509157509125,-0.09377289377289377,0.09468864468864469,9.48499678211709,,-0.2577011488969693,-2.180740321322174,-0.6816069031883195,-0.68160690318832,2022,6
2022-05-31,5.897622761374382,-1.307380952381,,滞涨,宽货币宽信用,双宽,主动补库存,"产能周期下行,主动补库存",0.08333333333333333,-0.3333333333333333,0.07142857142857142,0.2857142857142857,,,-0.08333333333333333,0.16666666666666666,-0.08333333333333333,0.16666666666666666,-0.01190476190476189,0.2857142857142857,-0.29761904761904756,4.590241808993382,,-0.41231312189129526,-4.709205543843406,0.08257722070234053,0.0825772207023416,2022,5
2022-04-30,-9.51449384478739,-0.8750103519668,,衰退,宽货币紧信用,双宽,被动补库存,"产能周期下行,主动补库存",0.0625,0.0625,0.35294117647058826,0.29411764705882354,,,0.19047619047619047,0.38095238095238093,0.0,0.2727272727272727,0.6059173669467788,1.0102973007384772,-0.40437993379169845,-10.38950419675419,,-0.39257105839923184,-6.166550530930312,1.1259958676057618,1.12599586760576,2022,4
2022-03-31,-7.521998291239447,2.8917663043478,,滞涨,宽货币宽信用,双紧,被动补库存,"产能周期下行,主动补库存",0.16666666666666666,-0.16666666666666666,0.15384615384615385,0.38461538461538464,,,0.15,0.45,-0.1,0.4,0.37051282051282053,1.0679487179487182,-0.6974358974358976,-4.630231986891647,,-0.32358710117998046,-2.6154824489890034,0.8344623215301011,0.834462321530103,2022,3
2022-02-28,2.814380925705203,2.4218154761905,,滞涨,宽货币紧信用,双紧,被动补库存,"产能周期下行,主动补库存",0.2727272727272727,-0.2727272727272727,0.3125,0.375,,,0.21052631578947367,0.42105263157894735,0.0,0.3333333333333333,0.7957535885167464,0.8566586921850079,-0.06090510366826152,5.236196401895703,,-0.3728239754168547,-1.8039164266054508,0.7639864101896202,0.763986410189622,2022,2
2022-01-31,-9.462993739363784,-7.9131469979296,,滞涨,宽货币宽信用,双宽,被动补库存,"产能周期下行,主动补库存",0.16666666666666666,-0.3333333333333333,0.25,0.3333333333333333,,,0.16666666666666666,0.3888888888888889,-0.125,0.25,0.45833333333333326,0.6388888888888888,-0.18055555555555558,-17.376140737293383,,-0.4240284361607891,-3.918324670405196,1.2839638369470487,1.28396383694705,2022,1
2021-12-31,1.039067107068804,-6.7248616600791,,过热,紧货币紧信用,双紧,被动补库存,"产能周期下行,主动补库存",0.1875,0.0625,-0.11764705882352941,0.17647058823529413,,,0.11764705882352941,0.35294117647058826,-0.2857142857142857,0.14285714285714285,-0.0982142857142857,0.7347689075630253,-0.832983193277311,-5.685794553010296,,-0.44179909143144447,-3.770767248294458,1.057315809389644,1.05731580938964,2021,12
2021-11-30,3.144941939947834,-7.2987700534759,,过热,紧货币宽信用,双紧,被动补库存,"产能周期下行,主动补库存",0.2,0.13333333333333333,0.2,-0.5333333333333333,,,0.125,0.4375,-0.3333333333333333,0.3333333333333333,0.1916666666666667,0.3708333333333333,-0.17916666666666659,-4.153828113528066,,-0.31685744810744815,-2.9350306649329867,0.5280662272486553,0.528066227248656,2021,11
2021-10-31,0.344043332326871,10.5728609625668,,过热,紧货币宽信用,双宽,被动补库存,"产能周期下行,主动补库存",0.2857142857142857,0.14285714285714285,0.2,-0.5333333333333333,,,0.2,0.4666666666666667,-0.2,0.4,0.4857142857142857,0.4761904761904762,0.00952380952380949,10.916904294893671,,-0.28233433233433236,-2.5273300318918506,0.6787371069964173,0.678737106996419,2021,10
2021-09-30,-1.030835852590337,1.27,,过热,紧货币紧信用,双宽,被动补库存,"产能周期下行,主动补库存",0.2857142857142857,0.14285714285714285,-0.0625,0.1875,,,0.14285714285714285,0.42857142857142855,-0.2,0.4,0.16607142857142854,1.1589285714285715,-0.992857142857143,0.23916414740966307,,-0.17722971472971474,-4.811402502300181,0.5499249606416758,0.549924960641678,2021,9
2021-08-31,3.223383302733537,-10.6736363636363,,复苏,宽货币紧信用,双宽,被动补库存,"产能周期上行,被动补库存",0.0,0.21428571428571427,0.25,0.25,,,0.23076923076923078,0.38461538461538464,1.0,1.0,1.4807692307692308,1.848901098901099,-0.36813186813186816,-7.450253060902763,,0.05065032190032189,-5.48545595356286,0.2774875011736884,0.277487501173689,2021,8
2021-07-31,-3.096445555278255,-13.3943506493507,,复苏,宽货币紧信用,双宽,被动补库存,"产能周期上行,被动补库存",0.06666666666666667,0.2,0.2,0.2,,,0.23076923076923078,0.38461538461538464,-0.26666666666666666,-0.26666666666666666,0.23076923076923078,0.5179487179487181,-0.2871794871794873,-16.490796204628957,,0.3874685962185962,-2.6861783039378793,0.20601753453610724,0.206017534536108,2021,7
2021-06-30,1.419752766707432,-2.0911278195489,,过热,宽货币紧信用,双宽,主动补库存,"产能周期上行,被动补库存",0.16666666666666666,0.0,0.14285714285714285,0.14285714285714285,,,-0.25,0.0,-0.26666666666666666,-0.26666666666666666,-0.20714285714285713,-0.12380952380952381,-0.08333333333333331,-0.6713750528414681,,0.5798280483606572,-1.5390669434986384,0.10405242927139023,0.10405242927139,2021,6
2021-05-31,5.135079034001049,-6.8427033492823,,过热,宽货币紧信用,双宽,被动补库存,"产能周期下行,被动补库存",0.09090909090909091,-0.09090909090909091,0.07692307692307693,0.07692307692307693,,,0.07692307692307693,0.23076923076923078,-0.26666666666666666,-0.26666666666666666,-0.021911421911421897,-0.049883449883449865,0.02797202797202797,-1.707624315281251,,0.6265257950584038,-1.1114076093567522,0.5709354945830661,0.570935494583067,2021,5
2021-04-30,2.21466314833299,-5.0021936758893,,过热,宽货币紧信用,双宽,主动去库存,"产能周期下行,主动去库存",0.09090909090909091,-0.09090909090909091,0.16666666666666666,0.08333333333333333,,,0.375,0.0,-0.26666666666666666,-0.26666666666666666,0.3659090909090909,-0.27424242424242423,0.6401515151515151,-2.78753052755631,,0.7531214216540304,0.8769217135391495,0.16688745104153357,0.166887451041533,2021,4
2021-03-31,-3.137483925895312,-0.6676726342711,,复苏,宽货币紧信用,双紧,主动去库存,"产能周期下行,主动去库存",0.0625,0.125,0.07692307692307693,0.0,,,0.32,-0.04,-0.3125,-0.3125,0.14692307692307693,-0.2275,0.37442307692307697,-3.805156560166412,,0.816270772303381,2.8496284926328115,0.3040082116530058,0.304008211653006,2021,3
2021-02-28,-0.006998927858777,9.3524117647059,,复苏,紧货币宽信用,双宽,被动去库存,"产能周期上行,主动去库存",0.06666666666666667,0.06666666666666667,0.13333333333333333,-0.5333333333333333,,,0.1111111111111111,-0.3333333333333333,0.5,-0.041666666666666664,0.8111111111111111,-0.8416666666666667,1.6527777777777777,9.345412836847123,,0.8756177916074942,4.59765338940919,0.43847445245794586,0.438474452457946,2021,2
2021-01-31,-0.104258476776111,-9.5038695652174,,复苏,宽货币宽信用,双紧,主动去库存,"产能周期上行,主动去库存",0.06666666666666667,0.06666666666666667,0.2857142857142857,0.35714285714285715,,,0.3333333333333333,-0.08333333333333333,0.4782608695652174,-0.043478260869565216,1.1639751552795032,0.2969979296066253,0.8669772256728779,-9.608128041993512,,0.6021713306610331,3.982417614220512,0.30867251856782996,0.30867251856783,2021,1
2020-12-31,3.109901862982949,-1.2153209109731,,衰退,宽货币紧信用,双宽,被动补库存,"产能周期上行,主动去库存",0.15,0.1,0.0,0.0,,,0.07692307692307693,0.38461538461538464,0.45454545454545453,0.0,0.6814685314685315,0.48461538461538467,0.1968531468531468,1.8945809520098489,,0.3959337631702688,9.799063252787777,0.3682073638832433,0.368207363883244,2020,12
2020-11-30,3.982631734138958,6.2397198879552,,滞涨,紧货币宽信用,双宽,被动补库存,"产能周期上行,主动去库存",0.14285714285714285,-0.14285714285714285,0.07142857142857142,-0.35714285714285715,,,0.07692307692307693,0.38461538461538464,0.42857142857142855,0.047619047619047616,0.7197802197802197,-0.06776556776556775,0.7875457875457874,10.222351622094159,,0.2756620414279587,13.317510566382628,-0.0002521272130870204,-0.000252127213086446,2020,11
2020-10-31,1.053109123987762,7.9956010230179,,过热,紧货币宽信用,双紧,主动去库存,"产能周期上行,主动去库存",0.1111111111111111,0.1111111111111111,0.07142857142857142,-0.21428571428571427,,,0.3333333333333333,0.0,0.5,0.1,1.0158730158730158,-0.0031746031746031633,1.019047619047619,9.048710147005663,,-0.047298331532414216,14.022070621393043,-0.28533925373618174,-0.285339253736181,2020,10
2020-09-30,-5.969305316154139,12.652298136646,,过热,紧货币宽信用,双宽,主动去库存,"产能周期上行,主动去库存",0.1111111111111111,0.1111111111111111,0.0,-0.15384615384615385,,,0.30434782608695654,0.043478260869565216,0.47368421052631576,0.15789473684210525,0.8891431477243834,0.15863795497662772,0.7305051927477557,6.682992820491861,,-0.3154301996642823,11.560079057935338,-0.6269742738681093,-0.62697427386811,2020,9
2020-08-31,1.96847023540455,3.6855279503105,,衰退,紧货币宽信用,双紧,主动去库存,"产能周期上行,主动去库存",0.0,0.23809523809523808,-0.15384615384615385,0.0,,,0.2727272727272727,0.09090909090909091,0.4444444444444444,0.2222222222222222,0.5633255633255633,0.5512265512265512,0.012099012099012096,5.65399818571505,,-0.5375981918551579,6.380056939701352,-0.8888792931395404,-0.888879293139542,2020,8
2020-07-31,13.06394040638728,12.2278053830228,,复苏,紧货币宽信用,双紧,主动去库存,"产能周期上行,主动去库存",0.0,0.25,-0.25,0.08333333333333333,,,0.23809523809523808,0.14285714285714285,0.4117647058823529,0.29411764705882354,0.399859943977591,0.7703081232492996,-0.37044817927170864,25.29174578941008,,-0.33842421768118375,1.0815554431387213,-0.49620513134573896,-0.496205131345741,2020,7
2020-06-30,8.407921475182954,14.597343358396,,衰退,紧货币宽信用,双紧,主动去库存,"产能周期上行,主动去库存",-0.1,0.3,-0.25,0.08333333333333333,,,0.2727272727272727,0.18181818181818182,0.4117647058823529,0.29411764705882354,0.33449197860962565,0.8592691622103388,-0.5247771836007131,23.005264833578956,,-0.09414317192954973,-4.512440510629667,-0.20322507993135042,-0.203225079931352,2020,6
2020-05-31,0.579999033496343,13.8697129186603,,衰退,宽货币宽信用,双紧,主动补库存,"产能周期下行,主动去库存",-0.1,0.3,0.13333333333333333,0.26666666666666666,,,-0.45454545454545453,0.09090909090909091,-0.42857142857142855,-0.35714285714285715,-0.8497835497835498,0.30043290043290044,-1.1502164502164502,14.449711952156642,,0.03676163018268275,-7.879843278822391,0.0015485542666529017,0.00154855426665197,2020,5
2020-04-30,5.232215311714049,-10.9554545454546,,复苏,宽货币宽信用,双宽,主动补库存,"产能周期下行,主动去库存",-0.06666666666666667,0.2,0.21428571428571427,0.21428571428571427,,,-0.4,0.0,-0.38461538461538464,-0.46153846153846156,-0.6369963369963371,-0.04725274725274731,-0.5897435897435898,-5.723239233740551,,0.28674454200769983,-10.236129732589589,0.4176228342608133,0.417622834260812,2020,4
2020-03-31,-6.530276252548469,-17.8668636363636,,衰退,宽货币宽信用,双紧,主动补库存,"产能周期下行,主动去库存",-0.05263157894736842,0.2631578947368421,0.26666666666666666,0.26666666666666666,,,-0.2727272727272727,0.09090909090909091,-0.38461538461538464,-0.46153846153846156,-0.4433075696233591,0.15919519077413813,-0.6025027603974973,-24.39713988891207,,0.32359723180156613,-7.273744292535215,0.673814152699426,0.673814152699425,2020,3
2020-02-29,-0.027510793660733,-26.1095,,滞涨,宽货币紧信用,双宽,被动去库存,"产能周期上行,主动去库存",0.26666666666666666,-0.06666666666666667,0.21428571428571427,-0.14285714285714285,,,0.08333333333333333,-0.16666666666666666,0.4666666666666667,0.2,1.0309523809523808,-0.17619047619047618,1.207142857142857,-26.137010793660732,,0.4314848972550211,-2.3833790504584345,0.9353166402971222,0.935316640297122,2020,2
2020-01-31,-0.252684478654751,-8.0195454545455,,过热,宽货币宽信用,双紧,主动去库存,"产能周期上行,主动去库存",0.3,-0.2,0.2857142857142857,0.21428571428571427,,,0.2857142857142857,0.047619047619047616,0.42857142857142855,0.14285714285714285,1.2999999999999998,0.20476190476190473,1.0952380952380951,-8.272229933200252,,0.31571108773121154,-0.16952707375603904,0.9278899666011603,0.927889966601161,2020,1
2019-12-31,7.546540865115219,-4.7456926406926,,衰退,紧货币紧信用,双宽,主动去库存,"产能周期上行,主动去库存",0.05263157894736842,0.21052631578947367,0.05263157894736842,0.15789473684210525,,,0.2857142857142857,0.047619047619047616,0.42857142857142855,0.14285714285714285,0.8195488721804511,0.5588972431077694,0.2606516290726817,2.8008482244226185,,0.34608485339909484,0.07111399527383888,0.7639532797774531,0.763953279777453,2019,12
2019-11-30,-1.506929076210943,1.8189223057644,,衰退,紧货币宽信用,双宽,被动去库存,"产能周期下行,主动去库存",0.05263157894736842,0.21052631578947367,-0.08333333333333333,0.0,,,0.25,-0.25,-0.36363636363636365,-0.45454545454545453,-0.14433811802232854,-0.49401913875598086,0.3496810207336523,0.3119932295534569,,0.46418692676432616,-1.0190250648630717,0.8978677171566543,0.897867717156654,2019,11
2019-10-31,0.816186188540583,11.2348872180451,,复苏,紧货币紧信用,双宽,主动去库存,"产能周期下行,主动去库存",0.0,0.3333333333333333,0.058823529411764705,0.29411764705882354,,,0.3,0.1,-0.4,-0.4,-0.041176470588235314,0.3274509803921568,-0.3686274509803921,12.051073406585683,,0.5209357227739582,-2.6512148532778865,1.157535197292409,1.1575351972924,2019,10
2019-09-30,0.769532083029119,4.1755194805195,,衰退,紧货币紧信用,双宽,被动去库存,"产能周期下行,主动去库存",0.05555555555555555,0.2777777777777778,0.0625,0.25,,,0.2727272727272727,-0.18181818181818182,-0.4,-0.4,-0.009217171717171735,-0.054040404040404055,0.04482323232323232,4.945051563548619,,0.6218694295900179,-1.5248339435420082,2.3256863389368987,2.32568633893689,2019,9
2019-08-31,-0.74154715479026,-12.1123517786561,,复苏,紧货币紧信用,双紧,主动去库存,"产能周期上行,主动去库存",0.06666666666666667,0.2,0.0625,0.25,,,0.3333333333333333,0.0,0.5,0.0,0.9624999999999999,0.45,0.5125,-12.85389893344636,,0.6277042129983307,-0.7425663420894116,2.3389195881910476,2.33891958819104,2019,8
2019-07-31,-0.112433862270385,-6.7159496567506,,衰退,宽货币紧信用,双紧,主动去库存,"产能周期上行,主动去库存",0.058823529411764705,0.23529411764705882,0.4444444444444444,-0.1111111111111111,,,0.29411764705882354,-0.058823529411764705,0.45454545454545453,-0.09090909090909091,1.2519310754604873,-0.0255496137849079,1.2774806892453952,-6.828383519020985,,0.7561764352205529,4.33617537189224,2.419018728456906,2.4190187284569,2019,7
2019-06-30,3.372946194428256,-7.1129323308271,,复苏,宽货币宽信用,双宽,主动去库存,"产能周期上行,主动去库存",0.0,0.14285714285714285,0.3333333333333333,0.26666666666666666,,,0.375,-0.125,0.45454545454545453,-0.09090909090909091,1.1628787878787878,0.1936147186147186,0.9692640692640693,-3.739986136398844,,0.6632384772090654,2.998560176387695,2.6409616045268645,2.64096160452686,2019,6
2019-05-31,-6.381470176260134,-3.0996753246753,,衰退,紧货币宽信用,双宽,主动去库存,"产能周期下行,主动去库存",0.125,0.1875,0.0,-0.09090909090909091,,,0.35294117647058826,-0.058823529411764705,-0.25,-0.5,0.22794117647058826,-0.4622326203208556,0.6901737967914439,-9.481145500935433,,0.5885076524782407,0.590986817173165,2.757177253655257,2.75717725365525,2019,5
2019-04-30,-1.44031645967435,20.2496753246753,,滞涨,紧货币紧信用,双紧,被动补库存,"产能周期下行,主动去库存",0.4117647058823529,0.11764705882352941,0.13333333333333333,0.3333333333333333,,,0.29411764705882354,0.29411764705882354,-0.42857142857142855,-0.5714285714285714,0.41064425770308116,0.1736694677871149,0.23697478991596627,18.809358865000952,,0.5659390038066507,0.25401405683067385,2.7565938745232983,2.7565938745233,2019,4
2019-03-31,7.975043726885999,1.6636134453782,,滞涨,宽货币宽信用,双紧,主动补库存,"产能周期下行,主动去库存",0.4117647058823529,0.11764705882352941,0.2857142857142857,0.2857142857142857,,,0.0,0.35714285714285715,-0.42857142857142855,-0.5714285714285714,0.2689075630252101,0.18907563025210083,0.07983193277310924,9.6386571722642,,0.6221502761943939,-5.637557506327572,1.8196121392783091,1.81961213927831,2019,3
2019-02-28,17.84274921140615,-0.2241978609626,,过热,宽货币紧信用,双紧,被动补库存,"产能周期上行,被动去库存",0.36363636363636365,0.0,0.3,-0.05,,,0.2,0.26666666666666666,0.6363636363636364,0.0,1.5,0.21666666666666667,1.2833333333333332,17.61855135044355,,0.6567450072287532,-5.81247938249325,2.2298924907462725,2.22989249074627,2019,2
2019-01-31,2.729502383050548,-17.5835770750988,,衰退,宽货币宽信用,双宽,被动补库存,"产能周期上行,被动去库存",-0.058823529411764705,0.058823529411764705,0.23076923076923078,0.23076923076923078,,,0.125,0.1875,0.8,-0.1,1.0969457013574662,0.37709276018099547,0.7198529411764707,-14.85407469204825,,0.22708300256674874,-8.821591436897384,2.4007153843450144,2.40071538434501,2019,1
2018-12-31,-4.835821548603026,-13.349604743083,,复苏,紧货币紧信用,双紧,主动补库存,"产能周期上行,被动去库存",0.0,0.07692307692307693,0.07142857142857142,0.14285714285714285,,,0.07692307692307693,0.3076923076923077,0.8,-0.1,0.9483516483516484,0.4274725274725275,0.5208791208791209,-18.185426291686028,,0.15377867746288804,-7.949523845118658,2.4953788338333953,2.49537883383339,2018,12
2018-11-30,2.124997734989419,-13.6279797979798,,复苏,紧货币紧信用,双紧,被动补库存,"产能周期下行,被动去库存",0.08333333333333333,0.0,0.07142857142857142,0.0,,,0.2,0.0,0.4,0.2,0.7547619047619047,0.2,0.5547619047619048,-11.50298206299038,,0.0669654906497012,-7.240597888471405,2.6181404889000897,2.61814048890009,2018,11
2018-10-31,-9.141340355218427,-7.3987301587301,,复苏,紧货币紧信用,双宽,被动补库存,"产能周期下行,主动补库存",0.08333333333333333,0.0,0.13333333333333333,-0.06666666666666667,,,0.2,0.0,0.45454545454545453,0.36363636363636365,0.8712121212121212,0.296969696969697,0.5742424242424242,-16.54007051394853,,0.045311273407248644,-5.08606969580574,2.484968033295505,2.4849680332955,2018,10
2018-09-30,1.347159041564137,7.241966873706,,衰退,宽货币紧信用,双紧,被动补库存,"产能周期下行,主动补库存",-0.06666666666666667,0.2,0.2631578947368421,0.0,,,0.2,0.0,0.45454545454545453,0.36363636363636365,0.8510366826156299,0.5636363636363637,0.2874003189792662,8.589125915270136,,0.1730474261434014,-4.39891935882665,2.0348609201570587,2.03486092015705,2018,9
2018-08-31,-6.355864058985152,5.9197430830039,,衰退,宽货币宽信用,双宽,主动补库存,"产能周期上行,主动补库存",-0.06666666666666667,0.2,0.38461538461538464,0.23076923076923078,,,0.18181818181818182,0.36363636363636365,-0.5714285714285714,0.42857142857142855,-0.07166167166167159,1.222977022977023,-1.2946386946386945,-0.4361209759812521,,0.3913510766838941,-4.232467071664642,1.2840219987530885,1.28402199875308,2018,8
2018-07-31,0.302421767715007,-9.9240909090909,,过热,宽货币紧信用,双宽,主动补库存,"产能周期上行,主动补库存",0.38461538461538464,-0.3076923076923077,0.3157894736842105,-0.10526315789473684,,,0.3,0.3,-0.5,0.3333333333333333,0.5004048582995952,0.22037786774628876,0.2800269905533065,-9.621669141375893,,0.5485924464252637,-5.184877192753599,0.5274442247540502,0.52744422475405,2018,7
2018-06-30,-8.325961460893406,-5.6059090909091,,滞涨,紧货币紧信用,双紧,主动补库存,"产能周期上行,主动补库存",0.4444444444444444,-0.05555555555555555,0.13333333333333333,-0.2,,,0.3333333333333333,0.3333333333333333,-0.5,0.3333333333333333,0.411111111111111,0.4111111111111111,0.0,-13.931870551802508,,0.35492530345471524,-7.168304055048992,-0.23567909581303484,-0.235679095813035,2018,6
2018-05-31,-0.058721997905498,1.4829090909091,,衰退,宽货币紧信用,双宽,主动补库存,"产能周期下行,主动补库存",-0.11764705882352941,0.23529411764705882,0.3333333333333333,-0.1111111111111111,,,0.3333333333333333,0.3333333333333333,0.6666666666666666,0.3333333333333333,1.2156862745098038,0.7908496732026143,0.4248366013071895,1.424187093003602,,0.515819964349376,-7.834267193355157,-0.7208823137480969,-0.720882313748098,2018,5
2018-04-30,5.33469486196401,-17.751863354038,1.01,滞涨,宽货币宽信用,,主动去库存,"产能周期下行,主动去库存",0.15384615384615385,-0.15384615384615385,0.2857142857142857,0.21428571428571427,,,0.3076923076923077,-0.15384615384615385,0.75,0.25,1.4972527472527473,0.15659340659340656,1.3406593406593408,-12.41716849207399,4.32469486196401,0.7899813965990438,-12.441980564698357,-1.0571794215751142,-1.05717942157511,2018,4
2018-03-31,6.20752217792422,3.38031746031797,0.16,滞涨,宽货币宽信用,,主动去库存,"产能周期下行,主动去库存",0.0,0.125,0.3888888888888889,-0.16666666666666666,,,0.4166666666666667,-0.25,0.75,0.25,1.5555555555555556,-0.04166666666666663,1.5972222222222223,9.58783963824219,6.04752217792422,0.8228945618651501,-9.37500198923091,-0.8342727086694914,-0.834272708669492,2018,3
2018-02-28,17.101640519707,-23.252222222222,1.77,滞涨,宽货币宽信用,,主动去库存,"产能周期下行,主动去库存",0.0,0.125,0.21428571428571427,-0.14285714285714285,,,0.4166666666666667,-0.25,-0.75,0.5,-0.11904761904761907,0.23214285714285715,-0.3511904761904762,-6.150581702514998,15.331640519707001,0.9339130803836685,-9.978406236450338,-0.44412477301122305,-0.444124773011223,2018,2
2018-01-31,-5.91937317229125,-15.602857142857,0.44,滞涨,宽货币宽信用,,主动去库存,"产能周期下行,主动去库存",0.15384615384615385,-0.07692307692307693,0.35294117647058826,-0.11764705882352941,,,0.25,0.5,-1.0,0.3333333333333333,-0.24321266968325794,0.638763197586727,-0.8819758672699849,-21.52223031514825,-6.35937317229125,1.2641114930820812,-5.313824762916826,-0.06093929619763627,-0.0609392961976361,2018,1
2017-12-31,-15.3464485534815,-2.581200828158,-0.25,衰退,宽货币宽信用,,主动去库存,"产能周期下行,主动去库存",0.5454545454545454,-0.36363636363636365,0.2857142857142857,-0.2857142857142857,,,0.45454545454545453,-0.36363636363636365,-1.0,0.3333333333333333,0.2857142857142856,-0.6796536796536798,0.9653679653679654,-17.927649381639498,-15.0964485534815,1.487496359849301,1.9546366339627983,0.6419018213730335,0.641901821373036,2017,12
2017-11-30,-15.7718653917846,-10.450227743271,-0.73,衰退,宽货币宽信用,,主动去库存,"产能周期下行,主动去库存",0.5454545454545454,-0.36363636363636365,0.2857142857142857,-0.2857142857142857,,,0.42857142857142855,0.7142857142857143,1.0,0.125,2.2597402597402594,0.18993506493506496,2.0698051948051943,-26.2220931350556,-15.041865391784599,1.6975283568378197,3.825399009869541,0.9449274887495629,0.944927488749565,2017,11
2017-10-31,-10.5209160868883,16.505619047619,-2.31,复苏,宽货币宽信用,,主动补库存,"产能周期下行,主动去库存",0.4117647058823529,0.0,0.23076923076923078,0.3076923076923077,,,0.15384615384615385,-0.19230769230769232,1.0,0.14285714285714285,1.7963800904977374,0.2582417582417582,1.5381383322559792,5.984702960730699,-8.2109160868883,,11.694677182963309,1.198105679486326,1.6650880662386,2017,10
2017-09-30,15.0449379644496,-9.07752380952398,3.45,复苏,宽货币紧信用,,主动补库存,"产能周期下行,主动去库存",0.5,-0.4,0.16666666666666666,-0.25,,,0.12,-0.16,1.0,0.3333333333333333,1.7866666666666666,-0.47666666666666674,2.263333333333333,5.9674141549256206,11.5949379644496,,7.928512159582058,1.5586306832759498,3.03908712218396,2017,9
2017-08-31,18.9637469655261,2.87316017315997,3.12,复苏,宽货币紧信用,,主动补库存,"产能周期下行,主动去库存",0.3333333333333333,0.06666666666666667,0.16666666666666666,-0.25,,,0.12,-0.16,1.0,0.3333333333333333,1.62,-0.010000000000000064,1.6300000000000001,21.83690713868607,15.843746965526098,,2.035138469538548,1.8365911699708821,2.033840294556283,2017,8
2017-07-31,18.7814881552555,3.307049910874,1.2,衰退,宽货币紧信用,,主动补库存,"产能周期下行,主动去库存",0.3333333333333333,0.06666666666666667,-0.06666666666666667,0.3333333333333333,,,0.0,-0.125,0.13333333333333333,-0.3333333333333333,0.4,-0.05833333333333335,0.45833333333333337,22.088538066129498,17.5814881552555,,-1.4993378074378294,2.360115224512157,2.1324648568489835,2017,7
2017-06-30,4.17118105453396,-10.874256180733,0.97,衰退,宽货币紧信用,,主动补库存,"产能周期下行,主动去库存",0.4444444444444444,-0.5555555555555556,0.09090909090909091,-0.36363636363636365,,,0.13043478260869565,-0.17391304347826086,0.13333333333333333,-0.3333333333333333,0.7991216512955643,-1.4264382960035134,2.225559947299078,-6.703075126199039,3.2011810545339605,,-4.049548601522535,1.90481448918581,1.90481448918581,2017,6
2017-05-31,11.237749816551,9.755826086956,3.0,衰退,宽货币紧信用,,主动补库存,"产能周期下行,主动去库存",,,,,,,,,,,,,,20.993575903507,8.237749816551,,1.0728442978515769,,,2017,5
2017-04-30,9.0157128204432,-25.628,2.86,衰退,宽货币紧信用,,主动补库存,"产能周期下行,主动去库存",,,,,,,,,,,,,,-16.6122871795568,6.155712820443201,,-4.090192445797754,,,2017,4
2017-03-31,2.07399019648256,-31.466818181818,2.59,衰退,宽货币紧信用,,被动补库存,"产能周期下行,主动去库存",,,,,,,,,,,,,,-29.39282798533544,-0.5160098035174401,,-4.459362489683809,,,2017,3
2017-02-28,9.67846939024779,-9.04841991341998,1.79,衰退,宽货币紧信用,,被动补库存,"产能周期下行,主动去库存",,,,,,,,,,,,,,0.6300494768278089,7.888469390247789,,-1.664292645451307,,,2017,2
2017-01-31,2.83029607594827,3.95697722567299,1.2,衰退,宽货币紧信用,,被动补库存,"产能周期下行,主动去库存",,,,,,,,,,,,,,6.78727330162126,1.63029607594827,,-2.5270043164698195,,,2017,1
2016-12-31,8.57152140048063,15.459760869565,0.83,滞涨,宽货币紧信用,,被动补库存,"产能周期下行,被动补库存",,,,,,,,,,,,,,24.03128227004563,7.7415214004806305,,-3.91028846787356,,,2016,12
2016-11-30,3.07971258446802,-13.064357142857,1.36,过热,宽货币紧信用,,被动补库存,"产能周期下行,主动补库存",,,,,,,,,,,,,,-9.98464455838898,1.71971258446802,,-7.141475325091956,,,2016,11
2016-10-31,1.49269255712687,-20.32,1.36,过热,宽货币紧信用,,被动补库存,"产能周期下行,主动补库存",,,,,,,,,,,,,,-18.82730744287313,0.13269255712687,,1.2295027468432866,,,2016,10
2016-09-30,-0.76764701517843,-11.854761904762,1.02,过热,宽货币紧信用,,被动补库存,"产能周期下行,主动补库存",,,,,,,,,,,,,,-12.62240891994043,-1.78764701517843,,4.980015357381801,,,2016,9
2016-08-31,-2.79174066642134,-1.75447988286193,-0.35,复苏,紧货币紧信用,,主动去库存,"产能周期下行,主动补库存",,,,,,,,,,,,,,-4.5462205492832695,-2.4417406664213397,,10.242738147154766,,,2016,8
2016-07-31,-0.17029925385964,-1.34213235294154,1.54,衰退,紧货币紧信用,,主动去库存,"产能周期下行,主动补库存",,,,,,,,,,,,,,-1.51243160680118,-1.71029925385964,,16.74391048542185,,,2016,7
2016-06-30,-3.94601203343873,8.59017316017399,-1.18,衰退,紧货币紧信用,,主动去库存,"产能周期下行,主动补库存",,,,,,,,,,,,,,4.644161126735259,-2.76601203343873,,19.620929533391784,,,2016,6
2016-05-31,5.24503339703237,34.9961904761901,-1.06,衰退,紧货币紧信用,,主动去库存,"产能周期下行,主动补库存",,,,,,,,,,,,,,40.241223873222474,6.3050333970323695,,17.849141697664564,,,2016,5
2016-04-30,-2.80423177964205,6.48,-0.63,衰退,紧货币紧信用,,主动去库存,"产能周期下行,主动补库存",,,,,,,,,,,,,,3.6757682203579503,-2.1742317796420503,,12.179760830795432,,,2016,4
2016-03-31,5.40483690960636,13.549090909091,0.74,滞涨,紧货币紧信用,,主动去库存,"产能周期下行,主动补库存",,,,,,,,,,,,,,18.95392781869736,4.66483690960636,,9.240710391917412,,,2016,3
2016-02-29,6.60207830245325,27.858735177866,0.12,过热,紧货币紧信用,,主动去库存,"产能周期下行,主动补库存",,,,,,,,,,,,,,34.460813480319246,6.48207830245325,,4.995403050777228,,,2016,2
2016-01-31,3.76277192587042,11.986910755148,-0.3,过热,紧货币紧信用,,主动去库存,"产能周期下行,被动去库存",,,,,,,,,,,,,,15.74968268101842,4.06277192587042,,-0.100749551884925,,,2016,1
2015-12-31,-14.9977381364321,9.01117224880403,-2.06,过热,紧货币紧信用,,主动去库存,"产能周期下行,被动去库存",,,,,,,,,,,,,,-5.986565887628069,-12.937738136432099,,0.2681234320617367,,,2015,12
2015-11-30,9.7979906200597,-3.573051948052,1.87,复苏,紧货币宽信用,,主动去库存,"产能周期下行,被动去库存",,,,,,,,,,,,,,6.2249386720077,7.9279906200597,,0.6568458737423933,,,2015,11
2015-10-31,-2.08901060338618,-11.869523809524,-0.11,复苏,紧货币宽信用,,主动去库存,"产能周期下行,被动去库存",,,,,,,,,,,,,,-13.958534412910181,-1.97901060338618,,0.4018068562339865,,,2015,10
2015-09-30,-5.35915508732423,-1.15876114081952,0.08,复苏,紧货币宽信用,,主动去库存,"产能周期下行,被动去库存",,,,,,,,,,,,,,-6.51791622814375,-5.43915508732423,,5.294824885603478,,,2015,9
2015-08-31,3.21213634155557,0.671761522790759,0.78,过热,紧货币宽信用,,主动去库存,"产能周期下行,被动去库存",,,,,,,,,,,,,,3.883897864346329,2.4321363415555703,,6.904421191584457,,,2015,8
2015-07-31,15.0423794591574,2.92054112554099,1.71,过热,紧货币宽信用,,主动去库存,"产能周期下行,被动去库存",,,,,,,,,,,,,,17.96292058469839,13.332379459157401,,3.935299567481518,,,2015,7
2015-06-30,-5.96003931835213,2.305808080808,0.11,过热,紧货币宽信用,,主动去库存,"产能周期下行,被动去库存",,,,,,,,,,,,,,-3.6542312375441295,-6.07003931835213,,-1.0277612029236953,,,2015,6
2015-05-31,-0.914184321931744,5.608888888889,0.41,过热,紧货币宽信用,,主动去库存,"产能周期下行,被动去库存",,,,,,,,,,,,,,4.694704566957256,-1.324184321931744,,-2.0851181134894956,,,2015,5
2015-04-30,2.39029840098777,13.009275362319,-0.13,复苏,紧货币宽信用,,主动去库存,"产能周期下行,被动去库存",,,,,,,,,,,,,,15.39957376330677,2.52029840098777,,-1.9709324141292346,,,2015,4
2015-03-31,-2.41772969660589,5.55739130434802,-0.65,衰退,紧货币宽信用,,主动补库存,"产能周期下行,主动去库存",,,,,,,,,,,,,,3.1396616077421298,-1.76772969660589,,-4.2973722428035535,,,2015,3
2015-02-28,-5.53933188027129,-8.39150000000002,-0.17,衰退,紧货币宽信用,,主动补库存,"产能周期下行,主动去库存",,,,,,,,,,,,,,-13.93083188027131,-5.36933188027129,,-4.063546083436882,,,2015,2
2015-01-31,-5.0787622195509,-6.73668181818199,0.18,衰退,宽货币宽信用,,主动补库存,"产能周期下行,主动去库存",,,,,,,,,,,,,,-11.81544403773289,-5.2587622195509,,-5.907065989412651,,,2015,1
2014-12-31,-0.0423439928049385,-9.95602870813399,1.62,衰退,宽货币紧信用,,主动补库存,"产能周期下行,主动去库存",,,,,,,,,,,,,,-9.99837270093893,-1.6623439928049386,,-6.947495281460893,,,2014,12
2014-11-30,5.90952128028082,-0.529702517162001,1.46,衰退,宽货币紧信用,,主动补库存,"产能周期下行,主动去库存",,,,,,,,,,,,,,5.379818763118819,4.44952128028082,,-8.482604770772646,,,2014,11
2014-10-31,-6.88807629143313,8.32901108269399,0.22,衰退,宽货币紧信用,,主动补库存,"产能周期下行,主动去库存",,,,,,,,,,,,,,1.4409347912608599,-7.10807629143313,,-10.608279802897956,,,2014,10
2014-09-30,5.29038497485466,-0.747766410912498,0.5,衰退,宽货币紧信用,,主动补库存,"产能周期下行,主动去库存",,,,,,,,,,,,,,4.5426185639421615,4.79038497485466,,-11.169247222713983,,,2014,9
2014-08-31,-7.26238609873493,-17.729565217391,-0.04,衰退,宽货币紧信用,,被动补库存,"产能周期下行,主动去库存",,,,,,,,,,,,,,-24.991951316125927,-7.22238609873493,,-10.93765465067642,,,2014,8
2014-07-31,-5.05024201224434,-13.007777777778,0.19,衰退,宽货币紧信用,,被动补库存,"产能周期下行,主动去库存",,,,,,,,,,,,,,-18.05801979002234,-5.24024201224434,,-5.329238601805281,,,2014,7
2014-06-30,4.31366877588855,-23.522698412698,2.78,衰退,紧货币紧信用,,被动补库存,"产能周期下行,主动去库存",,,,,,,,,,,,,,-19.209029636809447,1.5336687758885499,,-4.17469148082622,,,2014,6
2014-05-31,-8.87905544619606,1.50482401656302,-2.75,衰退,紧货币紧信用,,被动补库存,"产能周期下行,主动去库存",,,,,,,,,,,,,,-7.37423142963304,-6.129055446196061,,-1.3191394559141398,,,2014,5
2014-04-30,-4.59052190154831,2.66565217391301,-1.1,衰退,紧货币紧信用,,被动补库存,"产能周期下行,被动补库存",,,,,,,,,,,,,,-1.9248697276352997,-3.4905219015483095,,-1.5258952541577484,,,2014,4
2014-03-31,-1.02258790859445,6.95476190476199,-1.06,滞涨,紧货币紧信用,,被动补库存,"产能周期下行,被动补库存",,,,,,,,,,,,,,5.93217399616754,0.03741209140555002,,0.1810906679046349,,,2014,3
2014-02-28,2.40378307233893,6.25476190476197,-0.44,过热,紧货币紧信用,,被动补库存,"产能周期下行,被动补库存",,,,,,,,,,,,,,8.658544977100899,2.84378307233893,,-1.6247026685584753,,,2014,2
2014-01-31,-5.986213254624,-5.14452380952397,-0.44,过热,紧货币紧信用,,被动补库存,"产能周期下行,被动补库存",,,,,,,,,,,,,,-11.13073706414797,-5.546213254624,,2.3350419815352397,,,2014,1
2013-12-31,-1.36419574820694,-0.711521739130028,0.3,过热,紧货币紧信用,,被动补库存,"产能周期下行,被动补库存",,,,,,,,,,,,,,-2.075717487336968,-1.66419574820694,,9.795876258939936,,,2013,12
2013-11-30,0.190170375108778,-8.80493659420347,0.21,过热,紧货币紧信用,,被动补库存,"产能周期下行,被动补库存",,,,,,,,,,,,,,-8.614766219094692,-0.019829624891222003,,11.173180527865867,,,2013,11
2013-10-31,1.58522968155026,6.73181612318874,0.59,过热,紧货币紧信用,,被动补库存,"产能周期下行,被动补库存",,,,,,,,,,,,,,8.317045804739001,0.99522968155026,,13.38410772871736,,,2013,10
2013-09-30,-0.889503018658122,-4.013083003953,0.57,过热,紧货币紧信用,,主动补库存,"产能周期下行,被动补库存",,,,,,,,,,,,,,-4.902586022611121,-1.459503018658122,,12.607489548162313,,,2013,9
2013-08-31,-4.24566091912781,36.662673796791,-1.03,过热,紧货币紧信用,,主动补库存,"产能周期上行,被动补库存",,,,,,,,,,,,,,32.41701287766319,-3.21566091912781,,13.119659833262633,,,2013,8
2013-07-31,12.0092151243442,21.625053475936,1.77,滞涨,紧货币紧信用,,主动补库存,"产能周期上行,被动补库存",,,,,,,,,,,,,,33.6342686002802,10.2392151243442,,3.1385957173193617,,,2013,7
2013-06-30,1.06492630803661,5.12318181818201,0.3,滞涨,紧货币紧信用,,主动补库存,"产能周期上行,被动补库存",,,,,,,,,,,,,,6.18810812621862,0.76492630803661,,-2.9849627538827206,,,2013,6
2013-05-31,2.54079698601426,2.11000000000001,2.08,衰退,紧货币紧信用,,被动补库存,"产能周期上行,被动补库存",,,,,,,,,,,,,,4.65079698601427,0.4607969860142598,,-6.144761264811462,,,2013,5
2013-04-30,11.8663843404567,-8.20904761904799,1.54,衰退,紧货币紧信用,,被动补库存,"产能周期上行,被动补库存",,,,,,,,,,,,,,3.6573367214087096,10.326384340456698,,-7.98475873443441,,,2013,4
2013-03-31,-7.65061193105718,5.82104761904798,-0.54,衰退,紧货币紧信用,,被动补库存,"产能周期上行,被动补库存",,,,,,,,,,,,,,-1.8295643120092002,-7.11061193105718,,-10.313177825603034,,,2013,3
2013-02-28,-8.30308610371043,-19.166285714286,-0.19,滞涨,紧货币紧信用,,主动去库存,"产能周期上行,被动补库存",,,,,,,,,,,,,,-27.469371817996432,-8.113086103710431,,-12.434081204001494,,,2013,2
2013-01-31,-7.69267228904428,4.58559006211199,0.37,滞涨,紧货币紧信用,,主动去库存,"产能周期上行,被动补库存",,,,,,,,,,,,,,-3.10708222693229,-8.06267228904428,,-7.42231766600318,,,2013,1
2012-12-31,2.55501846729567,-15.3257014066495,1.36,滞涨,紧货币紧信用,,主动去库存,"产能周期上行,被动补库存",,,,,,,,,,,,,,-12.77068293935383,1.19501846729567,,-9.579935385538626,,,2012,12
2012-11-30,-2.86877766548317,-3.52041016624025,0.79,过热,紧货币紧信用,,主动去库存,"产能周期上行,被动补库存",,,,,,,,,,,,,,-6.3891878317234205,-3.65877766548317,,-6.3891878317234205,,,2012,11
